{"bagging_fraction": 0.8017935279747926, "bagging_freq": 5, "boosting_type": "gbdt", "lambda_l1": 2.050524936340251, "lambda_l2": 62.22059553905259, "learning_rate": 0.17089677645824494, "max_bin": 59, "max_depth": 6, "min_data_in_leaf": 13, "n_estimators": 1011, "num_leaves": 18}