,bin,good,bad,inner_good_ratio,inner_bad_ratio,global_good_ratio,global_bad_ratio,woe,iv_bin,iv,age
0,0,224,590,0.2751842751842752,0.7248157248157249,1.0,1.0,0.0,0.0,0.0,0
1,1,57,82,0.41007194244604317,0.5899280575539568,1.0,1.0,0.0,0.0,0.0,1
2,2,19,28,0.40425531914893614,0.5957446808510638,1.0,1.0,0.0,0.0,0.0,2
