,bin,good,bad,inner_good_ratio,inner_bad_ratio,global_good_ratio,global_bad_ratio,woe,iv_bin,iv,age
0,"(-inf, 2.0]",71,229,0.23666666666666666,0.7633333333333333,0.3169642857142857,0.38813559322033897,0.20256564146819903,0.01441686155909413,0.024435414540379962,0
1,"(2.0, 3.0]",36,94,0.27692307692307694,0.7230769230769231,0.16071428571428573,0.15932203389830507,-0.008700641230831524,1.2113483553821353e-05,0.024435414540379962,0
2,"(3.0, inf]",117,267,0.3046875,0.6953125,0.5223214285714286,0.45254237288135596,-0.14340176144223188,0.01000643949773201,0.024435414540379962,0
0,"(-inf, 2.0]",20,33,0.37735849056603776,0.6226415094339622,0.3508771929824561,0.4024390243902439,0.1371073084827865,0.0070695039247649916,0.05004584768179139,1
1,"(2.0, 3.0]",8,16,0.3333333333333333,0.6666666666666666,0.14035087719298245,0.1951219512195122,0.3294792011302424,0.018045929715306393,0.05004584768179139,1
2,"(3.0, inf]",29,33,0.46774193548387094,0.532258064516129,0.5087719298245614,0.4024390243902439,-0.2344562479496968,0.024930414041720007,0.05004584768179139,1
0,"(-inf, 2.0]",5,9,0.35714285714285715,0.6428571428571429,0.2631578947368421,0.32142857142857145,0.20002113389335563,0.011655366824612835,0.0266053288856829,2
1,"(2.0, 3.0]",1,2,0.3333333333333333,0.6666666666666666,0.05263157894736842,0.07142857142857142,0.3053816495511819,0.005740256570510938,0.0266053288856829,2
2,"(3.0, inf]",13,17,0.43333333333333335,0.5666666666666667,0.6842105263157895,0.6071428571428571,-0.11950154441408417,0.009209705490559127,0.0266053288856829,2
