,bin,good,bad,inner_good_ratio,inner_bad_ratio,global_good_ratio,global_bad_ratio,woe,iv_bin,iv,age
0,"(-inf, 2.0]",219,571,0.2772151898734177,0.7227848101265822,0.9776785714285714,0.9677966101694915,-0.010159005205215878,0.00010039089586873455,0.00372237261260621,0
1,"(2.0, inf]",5,19,0.20833333333333334,0.7916666666666666,0.022321428571428572,0.03220338983050847,0.36652458168761476,0.0036219817167374756,0.00372237261260621,0
0,"(-inf, 2.0]",55,76,0.4198473282442748,0.5801526717557252,0.9649122807017544,0.926829268292683,-0.04026782437584277,0.0015335200553915284,0.029522413304094226,1
1,"(2.0, inf]",2,6,0.25,0.75,0.03508771929824561,0.07317073170731707,0.7349443092384068,0.027988893248702698,0.029522413304094226,1
0,"(-inf, 2.0]",18,27,0.4,0.6,0.9473684210526315,0.9642857142857143,0.017699577099401075,0.00029942893589212467,0.0068593721296494,2
1,"(2.0, inf]",1,1,0.5,0.5,0.05263157894736842,0.03571428571428571,-0.38776553100876343,0.006559943193757275,0.0068593721296494,2
