,bin,good,bad,inner_good_ratio,inner_bad_ratio,global_good_ratio,global_bad_ratio,woe,iv_bin,iv,age
0,0,84,240,0.25925925925925924,0.7407407407407407,0.375,0.4067796610169492,0.0813456394539524,0.002585136847053574,0.004243582392728479,0
1,1,140,350,0.2857142857142857,0.7142857142857143,0.625,0.5932203389830508,-0.05218575317057031,0.0016584455456749054,0.004243582392728479,0
2,0,21,37,0.3620689655172414,0.6379310344827587,0.3684210526315789,0.45121951219512196,0.20272749549109853,0.016785524337838077,0.028420730516848725,1
3,1,36,45,0.4444444444444444,0.5555555555555556,0.631578947368421,0.5487804878048781,-0.1405244281154931,0.011635206179010649,0.028420730516848725,1
4,0,8,14,0.36363636363636365,0.6363636363636364,0.42105263157894735,0.5,0.17185025692665923,0.013567125546841523,0.02514108403567379,2
5,1,11,14,0.44,0.56,0.5789473684210527,0.5,-0.1466034741918754,0.01157395848883227,0.02514108403567379,2
