,bin,good,bad,inner_good_ratio,inner_bad_ratio,global_good_ratio,global_bad_ratio,woe,iv_bin,iv,age
0,"(-inf, 2.0]",100,254,0.2824858757062147,0.7175141242937854,0.44642857142857145,0.43050847457627117,-0.036312404014280104,0.0005780969888471968,0.0016801497413734664,0
1,"(2.0, 3.0]",31,89,0.25833333333333336,0.7416666666666667,0.13839285714285715,0.15084745762711865,0.08617268020226833,0.0010732463045772826,0.0016801497413734664,0
2,"(3.0, inf]",93,247,0.2735294117647059,0.7264705882352941,0.41517857142857145,0.4186440677966102,0.008312358429995984,2.8806447948987143e-05,0.0016801497413734664,0
0,"(-inf, 2.0]",24,34,0.41379310344827586,0.5862068965517241,0.42105263157894735,0.4146341463414634,-0.015361285161487206,9.859618203778689e-05,0.007397936390032519,1
1,"(2.0, 3.0]",8,14,0.36363636363636365,0.6363636363636364,0.14035087719298245,0.17073170731707318,0.1959478085057198,0.005953057083400135,0.007397936390032519,1
2,"(3.0, inf]",25,34,0.423728813559322,0.576271186440678,0.43859649122807015,0.4146341463414634,-0.056183279681742374,0.0013462831245945966,0.007397936390032519,1
0,"(-inf, 2.0]",9,17,0.34615384615384615,0.6538461538461539,0.47368421052631576,0.6071428571428571,0.24822323571123314,0.03312753709679991,0.10596767530590079,2
1,"(2.0, 3.0]",4,3,0.5714285714285714,0.42857142857142855,0.21052631578947367,0.10714285714285714,-0.6754476034605444,0.06983010938031944,0.10596767530590079,2
2,"(3.0, inf]",6,8,0.42857142857142855,0.5714285714285714,0.3157894736842105,0.2857142857142857,-0.10008345855698253,0.0030100288287814294,0.10596767530590079,2
