,bin,good,bad,inner_good_ratio,inner_bad_ratio,global_good_ratio,global_bad_ratio,woe,iv_bin,iv,age
0,0,133,443,0.2309027777777778,0.7690972222222222,0.59375,0.7508474576271187,0.23474415677865662,0.036877710222748716,0.11688936272297959,0
1,1,34,48,0.4146341463414634,0.5853658536585366,0.15178571428571427,0.08135593220338982,-0.6236359987529958,0.04392254749086626,0.11688936272297959,0
2,2,57,99,0.36538461538461536,0.6346153846153846,0.2544642857142857,0.16779661016949152,-0.4164079027446855,0.03608910500936461,0.11688936272297959,0
3,0,37,57,0.39361702127659576,0.6063829787234043,0.6491228070175439,0.6951219512195121,0.06846537576062268,0.003149348692454826,0.12316598898407587,1
4,1,7,16,0.30434782608695654,0.6956521739130435,0.12280701754385964,0.1951219512195122,0.463010593754765,0.03348258037850034,0.12316598898407587,1
5,2,13,9,0.5909090909090909,0.4090909090909091,0.22807017543859648,0.10975609756097561,-0.7313927595550203,0.0865340599131207,0.12316598898407587,1
6,"0, 2, 1",19,28,0.40425531914893614,0.5957446808510638,1.0,1.0,0.0,0.0,0.0,2
