,bin,good,bad,inner_good_ratio,inner_bad_ratio,global_good_ratio,global_bad_ratio,woe,iv_bin,iv,age
0,0,222,560,0.28388746803069054,0.7161125319693095,0.9910714285714286,0.9491525423728814,-0.043217083187809785,0.0018116119919829468,0.07473260462938056,0
1,1,2,30,0.0625,0.9375,0.008928571428571428,0.05084745762711865,1.739573716057485,0.07292099263739761,0.07473260462938056,0
2,0,55,79,0.41044776119402987,0.5895522388059702,0.9649122807017544,0.9634146341463414,-0.0015533121951524181,2.3263126585509577e-06,6.492363844999943e-05,1
3,1,2,3,0.4,0.6,0.03508771929824561,0.036585365853658534,0.041797128678461457,6.259732579144846e-05,6.492363844999943e-05,1
4,0,19,28,0.40425531914893614,0.5957446808510638,1.0,1.0,0.0,0.0,0.0,2
