,bin,good,bad,inner_good_ratio,inner_bad_ratio,global_good_ratio,global_bad_ratio,woe,iv_bin,iv,age
0,0,204,538,0.2749326145552561,0.7250673854447439,0.9107142857142857,0.911864406779661,0.0012620812728427533,1.4515462581120776e-06,0.056324104090912736,0
1,1,5,33,0.13157894736842105,0.868421052631579,0.022321428571428572,0.05593220338983051,0.9185931639876546,0.030874627984512425,0.056324104090912736,0
2,2,15,19,0.4411764705882353,0.5588235294117647,0.06696428571428571,0.03220338983050847,-0.7320877069804949,0.0254480245601422,0.056324104090912736,0
3,0,50,70,0.4166666666666667,0.5833333333333334,0.8771929824561403,0.8536585365853658,-0.02719574280848994,0.0006400367370419104,0.006198040323664295,1
4,1,5,8,0.38461538461538464,0.6153846153846154,0.08771929824561403,0.0975609756097561,0.10633564981603268,0.0010465211577957868,0.006198040323664295,1
5,2,2,4,0.3333333333333333,0.6666666666666666,0.03508771929824561,0.04878048780487805,0.3294792011302424,0.004511482428826598,0.006198040323664295,1
6,"0, 1, 2",19,28,0.40425531914893614,0.5957446808510638,1.0,1.0,0.0,0.0,0.0,2
